Record ID,Institution / case,Original URL,Priority,Classification rationale,Verification status,Inclusion decision,Duplicate?,Capture date,Archive filename,QA status,Source / notes
URL-001,Stanford,https://digitalhumanities.stanford.edu/,P2,University-wide DH initiative,Provisional — verify live page,Candidate,No,,,,User-supplied URL; classification based on organizational ownership and apparent page function
URL-002,Stanford,https://digitalhumanities.stanford.edu/about-dh-stanford/,P2,Institutional DH identity/about,Provisional — verify live page,Candidate,No,,,,User-supplied URL; classification based on organizational ownership and apparent page function
URL-003,Stanford,https://dhminor.stanford.edu/,P2,DH curriculum/minor,Provisional — verify live page,Candidate,No,,,,User-supplied URL; classification based on organizational ownership and apparent page function
URL-004,Stanford,https://library.stanford.edu/digital-humanities,P1,Library DH service/collection page,Confirmed in spot-check,Candidate,No,,,,User-supplied URL; classification based on organizational ownership and apparent page function
URL-005,Stanford,https://guides.library.stanford.edu/digitalhumanities,P1,Library DH LibGuide,Provisional — verify live page,Candidate,No,,,,User-supplied URL; classification based on organizational ownership and apparent page function
URL-006,Stanford,https://guides.library.stanford.edu/c.php?g=1126780,P1,Library LibGuide; confirm guide topic,Provisional — verify live page,Candidate,No,,,,User-supplied URL; classification based on organizational ownership and apparent page function
URL-007,Washington,https://phil.washington.edu/fields/digital-humanities,P2,Departmental DH field,Provisional — verify live page,Candidate,No,,,,User-supplied URL; classification based on organizational ownership and apparent page function
URL-008,Washington,https://english.washington.edu/fields/digital-humanities,P2,Departmental DH field,Provisional — verify live page,Candidate,No,,,,User-supplied URL; classification based on organizational ownership and apparent page function
URL-009,Washington,https://history.washington.edu/fields/digital-humanities,P2,Departmental DH field,Provisional — verify live page,Candidate,No,,,,User-supplied URL; classification based on organizational ownership and apparent page function
URL-010,Washington,https://classics.washington.edu/fields/digital-humanities,P2,Departmental DH field,Provisional — verify live page,Candidate,No,,,,User-supplied URL; classification based on organizational ownership and apparent page function
URL-011,Washington,https://gwss.washington.edu/fields/digital-humanities,P2,Departmental DH field,Provisional — verify live page,Candidate,No,,,,User-supplied URL; classification based on organizational ownership and apparent page function
URL-012,Washington,https://guides.lib.uw.edu/research/txtds/dh,P1,Library textual studies/DH guide,Confirmed in spot-check,Candidate,No,,,,User-supplied URL; classification based on organizational ownership and apparent page function
URL-013,Washington,https://www.nelcdh.ds.lib.uw.edu/introducingdh/,P2,DH educational project; confirm library management,Provisional — verify live page,Candidate,No,,,,User-supplied URL; classification based on organizational ownership and apparent page function
URL-014,Washington,https://frenchitalian.washington.edu/digital-humanities-resources,P2,Departmental DH resources,Provisional — verify live page,Candidate,No,,,,User-supplied URL; classification based on organizational ownership and apparent page function
URL-015,Virginia,https://guides.lib.virginia.edu/dh,P1,Library DH LibGuide,Provisional — verify live page,Candidate,No,,,,User-supplied URL; classification based on organizational ownership and apparent page function
URL-016,Virginia,https://library.virginia.edu/dh-center,P1,Library DH center,Provisional — verify live page,Candidate,No,,,,User-supplied URL; classification based on organizational ownership and apparent page function
URL-017,Virginia,https://history.virginia.edu/digital-humanities,P2,Departmental DH description,Provisional — verify live page,Candidate,No,,,,User-supplied URL; classification based on organizational ownership and apparent page function
URL-018,Virginia,https://dhai.as.virginia.edu/,P2,College DH initiative,Provisional — verify live page,Candidate,No,,,,User-supplied URL; classification based on organizational ownership and apparent page function
URL-019,Virginia,https://scholarslab.lib.virginia.edu/digital-humanities/,P1,Library Scholars' Lab DH page,Provisional — verify live page,Candidate,No,,,,User-supplied URL; classification based on organizational ownership and apparent page function
URL-020,Virginia,https://dhai.as.virginia.edu/courses/introduction-digital-humanities-0,P3,Individual course page,Provisional — verify live page,Review relevance,No,,,,User-supplied URL; classification based on organizational ownership and apparent page function
URL-021,Virginia,https://dhai.as.virginia.edu/what-are-digital-humanities,P2,Institutional DH definition/identity,Provisional — verify live page,Candidate,No,,,,User-supplied URL; classification based on organizational ownership and apparent page function
URL-022,Emory,https://digitalscholarship.emory.edu/,P1,Digital scholarship center; confirm governance,Provisional — verify live page,Candidate,No,,,,User-supplied URL; classification based on organizational ownership and apparent page function
URL-023,Emory,https://dhlab.quantitative.emory.edu/,P2,Interdisciplinary DH lab; confirm governance,Provisional — verify live page,Candidate,No,,,,User-supplied URL; classification based on organizational ownership and apparent page function
URL-024,Emory,https://english.emory.edu/graduate/prospective-students/digital-scholarship-opportunities.html,P2,Departmental graduate opportunities,Provisional — verify live page,Candidate,No,,,,User-supplied URL; classification based on organizational ownership and apparent page function
URL-025,Emory,https://openbooks.fchi.emory.edu/,P3,Digital publishing/project platform,Provisional — verify live page,Review relevance,No,,,,User-supplied URL; classification based on organizational ownership and apparent page function
URL-026,Emory,https://news.emory.edu/features/2025/07/where-tradition-meets-high-tech-scholarship,P3,Institutional news feature,Provisional — verify live page,Review relevance,No,,,,User-supplied URL; classification based on organizational ownership and apparent page function
URL-027,Emory,https://dhlab.quantitative.emory.edu/,P2,Duplicate DH lab URL,Duplicate of URL-023,Exclude duplicate,Yes,,,,User-supplied URL; classification based on organizational ownership and apparent page function
URL-028,UIC,https://researchguides.uic.edu/c.php?g=252433&p=1683610,P1,Library research guide; confirm page topic,Provisional — verify live page,Candidate,No,,,,User-supplied URL; classification based on organizational ownership and apparent page function
URL-029,UIC,https://dhi.uic.edu/,P2,Institutional DH initiative; confirm library role,Provisional — verify live page,Candidate,No,,,,User-supplied URL; classification based on organizational ownership and apparent page function
URL-030,UIC,https://huminst.uic.edu/working-groups-test/digital-humanities/,P2,Humanities Institute working group,Provisional — verify live page,Candidate,No,,,,User-supplied URL; classification based on organizational ownership and apparent page function
URL-031,UIC,https://digital.library.uic.edu/,P3,Digital collections portal; only include if rhetoric on DH/library roles,Provisional — verify live page,Review relevance,No,,,,User-supplied URL; classification based on organizational ownership and apparent page function
URL-032,Northwestern,https://humanities.northwestern.edu/research-and-funding/digital-humanities1/,P2,Humanities institute DH description,Provisional — verify live page,Candidate,No,,,,User-supplied URL; classification based on organizational ownership and apparent page function
URL-033,Northwestern,https://humanities.northwestern.edu/students/undergraduate/digital-humanities-courses.html,P2,DH curriculum overview,Provisional — verify live page,Candidate,No,,,,User-supplied URL; classification based on organizational ownership and apparent page function
URL-034,Northwestern,https://libguides.northwestern.edu/dh/campus,P1,Library DH guide campus page,Provisional — verify live page,Candidate,No,,,,User-supplied URL; classification based on organizational ownership and apparent page function
URL-035,Northwestern,https://libguides.northwestern.edu/dh/,P1,Library DH guide homepage,Provisional — verify live page,Candidate,No,,,,User-supplied URL; classification based on organizational ownership and apparent page function
URL-036,Northwestern,https://classics.northwestern.edu/research/digital-humanities-projects.html,P3,Departmental project portfolio,Provisional — verify live page,Review relevance,No,,,,User-supplied URL; classification based on organizational ownership and apparent page function
URL-037,Northwestern,https://www.library.northwestern.edu/use-the-libraries/research-teaching/digital-scholarship/,P1,Library digital scholarship services,Provisional — verify live page,Candidate,No,,,,User-supplied URL; classification based on organizational ownership and apparent page function
URL-038,Northwestern,https://class-descriptions.northwestern.edu/5020/WCAS/HUM/38316,P3,Individual course listing,Provisional — verify live page,Review relevance,No,,,,User-supplied URL; classification based on organizational ownership and apparent page function
URL-039,Northwestern,https://web.madstudio.northwestern.edu/category/digi-humanities/,P3,Project/blog category,Provisional — verify live page,Review relevance,No,,,,User-supplied URL; classification based on organizational ownership and apparent page function
URL-040,Northwestern,https://www.wemakescholars.com/scholarship/digital-humanities-research-grant-Northwestern-university,P3,Third-party grant listing; likely exclude from institutional corpus,Third-party page — exclude from primary corpus,Review relevance,No,,,,User-supplied URL; classification based on organizational ownership and apparent page function
URL-041,Pittsburgh,https://www.dsam.pitt.edu/,P2,Digital studies center; confirm library affiliation,Provisional — verify live page,Candidate,No,,,,User-supplied URL; classification based on organizational ownership and apparent page function
URL-042,Pittsburgh,https://pitt.libguides.com/digitalhumanities,P1,Library DH guide,Provisional — verify live page,Candidate,No,,,,User-supplied URL; classification based on organizational ownership and apparent page function
URL-043,Pittsburgh,https://www.humcenter.pitt.edu/,P2,Humanities center institutional context,Provisional — verify live page,Candidate,No,,,,User-supplied URL; classification based on organizational ownership and apparent page function
URL-044,Pittsburgh,https://library.pitt.edu/Digital-Scholarship-and-Publishing,P1,Library digital scholarship/publishing,Provisional — verify live page,Candidate,No,,,,User-supplied URL; classification based on organizational ownership and apparent page function
URL-045,Pittsburgh,https://catalog.upg.pitt.edu/preview_program.php?catoid=232&poid=73046,P3,Curriculum catalog listing; regional campus,Provisional — verify live page,Review relevance,No,,,,User-supplied URL; classification based on organizational ownership and apparent page function
URL-046,Barnard,https://digitalhumanities.barnard.edu/,P1,DH center; confirm relationship to Barnard Library,Provisional — verify live page,Candidate,No,,,,User-supplied URL; classification based on organizational ownership and apparent page function
URL-047,Barnard,https://barnard.edu/what-we-do-3,P2,Institutional DH center page; confirm exact content,Provisional — verify live page,Candidate,No,,,,User-supplied URL; classification based on organizational ownership and apparent page function
URL-048,Barnard,https://barnard.edu/dhc-visit-us,P2,DH center visit/access page,Provisional — verify live page,Candidate,No,,,,User-supplied URL; classification based on organizational ownership and apparent page function
URL-049,Barnard,https://digitalhumanities.barnard.edu/learning-communities,P1,DH center communities/partnerships,Provisional — verify live page,Candidate,No,,,,User-supplied URL; classification based on organizational ownership and apparent page function
URL-050,Barnard,https://digitalhumanities.barnard.edu/students-and-faculty,P1,DH center audience/services,Provisional — verify live page,Candidate,No,,,,User-supplied URL; classification based on organizational ownership and apparent page function
URL-051,Nebraska–Lincoln,https://dh.unl.edu/,P2,Institutional DH portal,Provisional — verify live page,Candidate,No,,,,User-supplied URL; classification based on organizational ownership and apparent page function
URL-052,Nebraska–Lincoln,https://unl.libguides.com/sb.php?subject_id=156483,P1,UNL library subject guide index; confirm DH relevance,Provisional — verify live page,Candidate,No,,,,User-supplied URL; classification based on organizational ownership and apparent page function
URL-053,Nebraska–Lincoln,https://cdrh.unl.edu/,P1,Library-partnered CDRH,Provisional — verify live page,Candidate,No,,,,User-supplied URL; classification based on organizational ownership and apparent page function
URL-054,Nebraska–Lincoln,https://cdrh.unl.edu/articles-resources/digital-humanities-program/,P2,DH program description,Provisional — verify live page,Candidate,No,,,,User-supplied URL; classification based on organizational ownership and apparent page function
URL-055,Nebraska–Lincoln,https://libguides.unomaha.edu/dh,P3,OTHER INSTITUTION: University of Nebraska Omaha; exclude from UNL case,Different institution — exclude from UNL,Exclude from UNL,No,,,,User-supplied URL; classification based on organizational ownership and apparent page function
URL-056,Nebraska–Lincoln,https://libguides.unomaha.edu/digitalhumanities,P3,OTHER INSTITUTION: University of Nebraska Omaha; exclude from UNL case,Different institution — exclude from UNL,Exclude from UNL,No,,,,User-supplied URL; classification based on organizational ownership and apparent page function
URL-057,Nebraska–Lincoln,https://engl.unl.edu/digital-humanities/,P2,Departmental DH program,Provisional — verify live page,Candidate,No,,,,User-supplied URL; classification based on organizational ownership and apparent page function
